21,Dünya,Düz,Geçmiş,Aşk
21,Dünya,Düz,Şimdi,Aşk
21,Dünya,Düz,Gelecek,Aşk
21,Dünya,Düz,Geçmiş,İş
21,Dünya,Düz,Şimdi,İş
21,Dünya,Düz,Gelecek,İş
21,Dünya,Düz,Geçmiş,Para
21,Dünya,Düz,Şimdi,Para
21,Dünya,Düz,Gelecek,Para
21,Dünya,Düz,Geçmiş,Sağlık
21,Dünya,Düz,Şimdi,Sağlık
21,Dünya,Düz,Gelecek,Sağlık
21,Dünya,Düz,Geçmiş,Hepsi
21,Dünya,Düz,Şimdi,Hepsi
21,Dünya,Düz,Gelecek,Hepsi
21,Dünya,Ters,Geçmiş,Aşk
21,Dünya,Ters,Şimdi,Aşk
21,Dünya,Ters,Gelecek,Aşk
21,Dünya,Ters,Geçmiş,İş
21,Dünya,Ters,Şimdi,İş
21,Dünya,Ters,Gelecek,İş
21,Dünya,Ters,Geçmiş,Para
21,Dünya,Ters,Şimdi,Para
21,Dünya,Ters,Gelecek,Para
21,Dünya,Ters,Geçmiş,Sağlık
21,Dünya,Ters,Şimdi,Sağlık
21,Dünya,Ters,Gelecek,Sağlık
21,Dünya,Ters,Geçmiş,Hepsi
21,Dünya,Ters,Şimdi,Hepsi
21,Dünya,Ters,Gelecek,Hepsi
22,Asa Ası,Düz,Geçmiş,Aşk
22,Asa Ası,Düz,Şimdi,Aşk
22,Asa Ası,Düz,Gelecek,Aşk
22,Asa Ası,Düz,Geçmiş,İş
22,Asa Ası,Düz,Şimdi,İş
22,Asa Ası,Düz,Gelecek,İş
22,Asa Ası,Düz,Geçmiş,Para
22,Asa Ası,Düz,Şimdi,Para
22,Asa Ası,Düz,Gelecek,Para
22,Asa Ası,Düz,Geçmiş,Sağlık
22,Asa Ası,Düz,Şimdi,Sağlık
22,Asa Ası,Düz,Gelecek,Sağlık
22,Asa Ası,Düz,Geçmiş,Hepsi
22,Asa Ası,Düz,Şimdi,Hepsi
22,Asa Ası,Düz,Gelecek,Hepsi
22,Asa Ası,Ters,Geçmiş,Aşk
22,Asa Ası,Ters,Şimdi,Aşk
22,Asa Ası,Ters,Gelecek,Aşk
22,Asa Ası,Ters,Geçmiş,İş
22,Asa Ası,Ters,Şimdi,İş
22,Asa Ası,Ters,Gelecek,İş
22,Asa Ası,Ters,Geçmiş,Para
22,Asa Ası,Ters,Şimdi,Para
22,Asa Ası,Ters,Gelecek,Para
22,Asa Ası,Ters,Geçmiş,Sağlık
22,Asa Ası,Ters,Şimdi,Sağlık
22,Asa Ası,Ters,Gelecek,Sağlık
22,Asa Ası,Ters,Geçmiş,Hepsi
22,Asa Ası,Ters,Şimdi,Hepsi
22,Asa Ası,Ters,Gelecek,Hepsi
27,Asa Altılısı,Düz,Geçmiş,Aşk
27,Asa Altılısı,Düz,Şimdi,Aşk
27,Asa Altılısı,Düz,Gelecek,Aşk
27,Asa Altılısı,Düz,Geçmiş,İş
27,Asa Altılısı,Düz,Şimdi,İş
27,Asa Altılısı,Düz,Gelecek,İş
27,Asa Altılısı,Düz,Geçmiş,Para
27,Asa Altılısı,Düz,Şimdi,Para
27,Asa Altılısı,Düz,Gelecek,Para
27,Asa Altılısı,Düz,Geçmiş,Sağlık
27,Asa Altılısı,Düz,Şimdi,Sağlık
27,Asa Altılısı,Düz,Gelecek,Sağlık
27,Asa Altılısı,Düz,Geçmiş,Hepsi
27,Asa Altılısı,Düz,Şimdi,Hepsi
27,Asa Altılısı,Düz,Gelecek,Hepsi
27,Asa Altılısı,Ters,Geçmiş,Aşk
27,Asa Altılısı,Ters,Şimdi,Aşk
27,Asa Altılısı,Ters,Gelecek,Aşk
27,Asa Altılısı,Ters,Geçmiş,İş
27,Asa Altılısı,Ters,Şimdi,İş
27,Asa Altılısı,Ters,Gelecek,İş
27,Asa Altılısı,Ters,Geçmiş,Para
27,Asa Altılısı,Ters,Şimdi,Para
27,Asa Altılısı,Ters,Gelecek,Para
27,Asa Altılısı,Ters,Geçmiş,Sağlık
27,Asa Altılısı,Ters,Şimdi,Sağlık
27,Asa Altılısı,Ters,Gelecek,Sağlık
27,Asa Altılısı,Ters,Geçmiş,Hepsi
27,Asa Altılısı,Ters,Şimdi,Hepsi
27,Asa Altılısı,Ters,Gelecek,Hepsi
28,Asa Yedilisi,Düz,Geçmiş,Aşk
28,Asa Yedilisi,Düz,Şimdi,Aşk
28,Asa Yedilisi,Düz,Gelecek,Aşk
28,Asa Yedilisi,Düz,Geçmiş,İş
28,Asa Yedilisi,Düz,Şimdi,İş
28,Asa Yedilisi,Düz,Gelecek,İş
28,Asa Yedilisi,Düz,Geçmiş,Para
28,Asa Yedilisi,Düz,Şimdi,Para
28,Asa Yedilisi,Düz,Gelecek,Para
28,Asa Yedilisi,Düz,Geçmiş,Sağlık
28,Asa Yedilisi,Düz,Şimdi,Sağlık
28,Asa Yedilisi,Düz,Gelecek,Sağlık
28,Asa Yedilisi,Düz,Geçmiş,Hepsi
28,Asa Yedilisi,Düz,Şimdi,Hepsi
28,Asa Yedilisi,Düz,Gelecek,Hepsi
28,Asa Yedilisi,Ters,Geçmiş,Aşk
28,Asa Yedilisi,Ters,Şimdi,Aşk
28,Asa Yedilisi,Ters,Gelecek,Aşk
28,Asa Yedilisi,Ters,Geçmiş,İş
28,Asa Yedilisi,Ters,Şimdi,İş
28,Asa Yedilisi,Ters,Gelecek,İş
28,Asa Yedilisi,Ters,Geçmiş,Para
28,Asa Yedilisi,Ters,Şimdi,Para
28,Asa Yedilisi,Ters,Gelecek,Para
28,Asa Yedilisi,Ters,Geçmiş,Sağlık
28,Asa Yedilisi,Ters,Şimdi,Sağlık
28,Asa Yedilisi,Ters,Gelecek,Sağlık
28,Asa Yedilisi,Ters,Geçmiş,Hepsi
28,Asa Yedilisi,Ters,Şimdi,Hepsi
28,Asa Yedilisi,Ters,Gelecek,Hepsi
31,Asa Onlusu,Düz,Geçmiş,Aşk
31,Asa Onlusu,Düz,Şimdi,Aşk
31,Asa Onlusu,Düz,Gelecek,Aşk
31,Asa Onlusu,Düz,Geçmiş,İş
31,Asa Onlusu,Düz,Şimdi,İş
31,Asa Onlusu,Düz,Gelecek,İş
31,Asa Onlusu,Düz,Geçmiş,Para
31,Asa Onlusu,Düz,Şimdi,Para
31,Asa Onlusu,Düz,Gelecek,Para
31,Asa Onlusu,Düz,Geçmiş,Sağlık
31,Asa Onlusu,Düz,Şimdi,Sağlık
31,Asa Onlusu,Düz,Gelecek,Sağlık
31,Asa Onlusu,Düz,Geçmiş,Hepsi
31,Asa Onlusu,Düz,Şimdi,Hepsi
31,Asa Onlusu,Düz,Gelecek,Hepsi
31,Asa Onlusu,Ters,Geçmiş,Aşk
31,Asa Onlusu,Ters,Şimdi,Aşk
31,Asa Onlusu,Ters,Gelecek,Aşk
31,Asa Onlusu,Ters,Geçmiş,İş
31,Asa Onlusu,Ters,Şimdi,İş
31,Asa Onlusu,Ters,Gelecek,İş
31,Asa Onlusu,Ters,Geçmiş,Para
31,Asa Onlusu,Ters,Şimdi,Para
31,Asa Onlusu,Ters,Gelecek,Para
31,Asa Onlusu,Ters,Geçmiş,Sağlık
31,Asa Onlusu,Ters,Şimdi,Sağlık
31,Asa Onlusu,Ters,Gelecek,Sağlık
31,Asa Onlusu,Ters,Geçmiş,Hepsi
31,Asa Onlusu,Ters,Şimdi,Hepsi
31,Asa Onlusu,Ters,Gelecek,Hepsi
32,Asa Uşağı,Düz,Geçmiş,Aşk
32,Asa Uşağı,Düz,Şimdi,Aşk
32,Asa Uşağı,Düz,Gelecek,Aşk
32,Asa Uşağı,Düz,Geçmiş,İş
32,Asa Uşağı,Düz,Şimdi,İş
32,Asa Uşağı,Düz,Gelecek,İş
32,Asa Uşağı,Düz,Geçmiş,Para
32,Asa Uşağı,Düz,Şimdi,Para
32,Asa Uşağı,Düz,Gelecek,Para
32,Asa Uşağı,Düz,Geçmiş,Sağlık
32,Asa Uşağı,Düz,Şimdi,Sağlık
32,Asa Uşağı,Düz,Gelecek,Sağlık
32,Asa Uşağı,Düz,Geçmiş,Hepsi
32,Asa Uşağı,Düz,Şimdi,Hepsi
32,Asa Uşağı,Düz,Gelecek,Hepsi
32,Asa Uşağı,Ters,Geçmiş,Aşk
32,Asa Uşağı,Ters,Şimdi,Aşk
32,Asa Uşağı,Ters,Gelecek,Aşk
32,Asa Uşağı,Ters,Geçmiş,İş
32,Asa Uşağı,Ters,Şimdi,İş
32,Asa Uşağı,Ters,Gelecek,İş
32,Asa Uşağı,Ters,Geçmiş,Para
32,Asa Uşağı,Ters,Şimdi,Para
32,Asa Uşağı,Ters,Gelecek,Para
32,Asa Uşağı,Ters,Geçmiş,Sağlık
32,Asa Uşağı,Ters,Şimdi,Sağlık
32,Asa Uşağı,Ters,Gelecek,Sağlık
32,Asa Uşağı,Ters,Geçmiş,Hepsi
32,Asa Uşağı,Ters,Şimdi,Hepsi
32,Asa Uşağı,Ters,Gelecek,Hepsi
35,Asa Kralı,Düz,Geçmiş,Aşk
35,Asa Kralı,Düz,Şimdi,Aşk
35,Asa Kralı,Düz,Gelecek,Aşk
35,Asa Kralı,Düz,Geçmiş,İş
35,Asa Kralı,Düz,Şimdi,İş
35,Asa Kralı,Düz,Gelecek,İş
35,Asa Kralı,Düz,Geçmiş,Para
35,Asa Kralı,Düz,Şimdi,Para
35,Asa Kralı,Düz,Gelecek,Para
35,Asa Kralı,Düz,Geçmiş,Sağlık
35,Asa Kralı,Düz,Şimdi,Sağlık
35,Asa Kralı,Düz,Gelecek,Sağlık
35,Asa Kralı,Düz,Geçmiş,Hepsi
35,Asa Kralı,Düz,Şimdi,Hepsi
35,Asa Kralı,Düz,Gelecek,Hepsi
35,Asa Kralı,Ters,Geçmiş,Aşk
35,Asa Kralı,Ters,Şimdi,Aşk
35,Asa Kralı,Ters,Gelecek,Aşk
35,Asa Kralı,Ters,Geçmiş,İş
35,Asa Kralı,Ters,Şimdi,İş
35,Asa Kralı,Ters,Gelecek,İş
35,Asa Kralı,Ters,Geçmiş,Para
35,Asa Kralı,Ters,Şimdi,Para
35,Asa Kralı,Ters,Gelecek,Para
35,Asa Kralı,Ters,Geçmiş,Sağlık
35,Asa Kralı,Ters,Şimdi,Sağlık
35,Asa Kralı,Ters,Gelecek,Sağlık
35,Asa Kralı,Ters,Geçmiş,Hepsi
35,Asa Kralı,Ters,Şimdi,Hepsi
35,Asa Kralı,Ters,Gelecek,Hepsi
47,Kupa Şövalyesi,Düz,Geçmiş,Aşk
47,Kupa Şövalyesi,Düz,Şimdi,Aşk
47,Kupa Şövalyesi,Düz,Gelecek,Aşk
47,Kupa Şövalyesi,Düz,Geçmiş,İş
47,Kupa Şövalyesi,Düz,Şimdi,İş
47,Kupa Şövalyesi,Düz,Gelecek,İş
47,Kupa Şövalyesi,Düz,Geçmiş,Para
47,Kupa Şövalyesi,Düz,Şimdi,Para
47,Kupa Şövalyesi,Düz,Gelecek,Para
47,Kupa Şövalyesi,Düz,Geçmiş,Sağlık
47,Kupa Şövalyesi,Düz,Şimdi,Sağlık
47,Kupa Şövalyesi,Düz,Gelecek,Sağlık
47,Kupa Şövalyesi,Düz,Geçmiş,Hepsi
47,Kupa Şövalyesi,Düz,Şimdi,Hepsi
47,Kupa Şövalyesi,Düz,Gelecek,Hepsi
47,Kupa Şövalyesi,Ters,Geçmiş,Aşk
47,Kupa Şövalyesi,Ters,Şimdi,Aşk
47,Kupa Şövalyesi,Ters,Gelecek,Aşk
47,Kupa Şövalyesi,Ters,Geçmiş,İş
47,Kupa Şövalyesi,Ters,Şimdi,İş
47,Kupa Şövalyesi,Ters,Gelecek,İş
47,Kupa Şövalyesi,Ters,Geçmiş,Para
47,Kupa Şövalyesi,Ters,Şimdi,Para
47,Kupa Şövalyesi,Ters,Gelecek,Para
47,Kupa Şövalyesi,Ters,Geçmiş,Sağlık
47,Kupa Şövalyesi,Ters,Şimdi,Sağlık
47,Kupa Şövalyesi,Ters,Gelecek,Sağlık
47,Kupa Şövalyesi,Ters,Geçmiş,Hepsi
47,Kupa Şövalyesi,Ters,Şimdi,Hepsi
47,Kupa Şövalyesi,Ters,Gelecek,Hepsi
48,Kupa Kraliçesi,Düz,Geçmiş,Aşk
48,Kupa Kraliçesi,Düz,Şimdi,Aşk
48,Kupa Kraliçesi,Düz,Gelecek,Aşk
48,Kupa Kraliçesi,Düz,Geçmiş,İş
48,Kupa Kraliçesi,Düz,Şimdi,İş
48,Kupa Kraliçesi,Düz,Gelecek,İş
48,Kupa Kraliçesi,Düz,Geçmiş,Para
48,Kupa Kraliçesi,Düz,Şimdi,Para
48,Kupa Kraliçesi,Düz,Gelecek,Para
48,Kupa Kraliçesi,Düz,Geçmiş,Sağlık
48,Kupa Kraliçesi,Düz,Şimdi,Sağlık
48,Kupa Kraliçesi,Düz,Gelecek,Sağlık
48,Kupa Kraliçesi,Düz,Geçmiş,Hepsi
48,Kupa Kraliçesi,Düz,Şimdi,Hepsi
48,Kupa Kraliçesi,Düz,Gelecek,Hepsi
48,Kupa Kraliçesi,Ters,Geçmiş,Aşk
48,Kupa Kraliçesi,Ters,Şimdi,Aşk
48,Kupa Kraliçesi,Ters,Gelecek,Aşk
48,Kupa Kraliçesi,Ters,Geçmiş,İş
48,Kupa Kraliçesi,Ters,Şimdi,İş
48,Kupa Kraliçesi,Ters,Gelecek,İş
48,Kupa Kraliçesi,Ters,Geçmiş,Para
48,Kupa Kraliçesi,Ters,Şimdi,Para
48,Kupa Kraliçesi,Ters,Gelecek,Para
48,Kupa Kraliçesi,Ters,Geçmiş,Sağlık
48,Kupa Kraliçesi,Ters,Şimdi,Sağlık
48,Kupa Kraliçesi,Ters,Gelecek,Sağlık
48,Kupa Kraliçesi,Ters,Geçmiş,Hepsi
48,Kupa Kraliçesi,Ters,Şimdi,Hepsi
48,Kupa Kraliçesi,Ters,Gelecek,Hepsi
50,Kılıç Ası,Düz,Geçmiş,Aşk
50,Kılıç Ası,Düz,Şimdi,Aşk
50,Kılıç Ası,Düz,Gelecek,Aşk
50,Kılıç Ası,Düz,Geçmiş,İş
50,Kılıç Ası,Düz,Şimdi,İş
50,Kılıç Ası,Düz,Gelecek,İş
50,Kılıç Ası,Düz,Geçmiş,Para
50,Kılıç Ası,Düz,Şimdi,Para
50,Kılıç Ası,Düz,Gelecek,Para
50,Kılıç Ası,Düz,Geçmiş,Sağlık
50,Kılıç Ası,Düz,Şimdi,Sağlık
50,Kılıç Ası,Düz,Gelecek,Sağlık
50,Kılıç Ası,Düz,Geçmiş,Hepsi
50,Kılıç Ası,Düz,Şimdi,Hepsi
50,Kılıç Ası,Düz,Gelecek,Hepsi
50,Kılıç Ası,Ters,Geçmiş,Aşk
50,Kılıç Ası,Ters,Şimdi,Aşk
50,Kılıç Ası,Ters,Gelecek,Aşk
50,Kılıç Ası,Ters,Geçmiş,İş
50,Kılıç Ası,Ters,Şimdi,İş
50,Kılıç Ası,Ters,Gelecek,İş
50,Kılıç Ası,Ters,Geçmiş,Para
50,Kılıç Ası,Ters,Şimdi,Para
50,Kılıç Ası,Ters,Gelecek,Para
50,Kılıç Ası,Ters,Geçmiş,Sağlık
50,Kılıç Ası,Ters,Şimdi,Sağlık
50,Kılıç Ası,Ters,Gelecek,Sağlık
50,Kılıç Ası,Ters,Geçmiş,Hepsi
50,Kılıç Ası,Ters,Şimdi,Hepsi
50,Kılıç Ası,Ters,Gelecek,Hepsi
51,Kılıç İkilisi,Düz,Geçmiş,İş
51,Kılıç İkilisi,Düz,Şimdi,İş
51,Kılıç İkilisi,Düz,Gelecek,İş
51,Kılıç İkilisi,Düz,Geçmiş,Para
51,Kılıç İkilisi,Düz,Şimdi,Para
51,Kılıç İkilisi,Düz,Gelecek,Para
51,Kılıç İkilisi,Düz,Geçmiş,Sağlık
51,Kılıç İkilisi,Düz,Şimdi,Sağlık
51,Kılıç İkilisi,Düz,Gelecek,Sağlık
51,Kılıç İkilisi,Düz,Geçmiş,Hepsi
51,Kılıç İkilisi,Düz,Şimdi,Hepsi
51,Kılıç İkilisi,Düz,Gelecek,Hepsi
51,Kılıç İkilisi,Ters,Geçmiş,Aşk
51,Kılıç İkilisi,Ters,Şimdi,Aşk
51,Kılıç İkilisi,Ters,Gelecek,Aşk
51,Kılıç İkilisi,Ters,Geçmiş,İş
51,Kılıç İkilisi,Ters,Şimdi,İş
51,Kılıç İkilisi,Ters,Gelecek,İş
51,Kılıç İkilisi,Ters,Geçmiş,Para
51,Kılıç İkilisi,Ters,Şimdi,Para
51,Kılıç İkilisi,Ters,Gelecek,Para
51,Kılıç İkilisi,Ters,Geçmiş,Sağlık
51,Kılıç İkilisi,Ters,Şimdi,Sağlık
51,Kılıç İkilisi,Ters,Gelecek,Sağlık
51,Kılıç İkilisi,Ters,Geçmiş,Hepsi
51,Kılıç İkilisi,Ters,Şimdi,Hepsi
51,Kılıç İkilisi,Ters,Gelecek,Hepsi
52,Kılıç Üçlüsü,Düz,Geçmiş,İş
52,Kılıç Üçlüsü,Düz,Şimdi,İş
52,Kılıç Üçlüsü,Düz,Gelecek,İş
52,Kılıç Üçlüsü,Düz,Geçmiş,Para
52,Kılıç Üçlüsü,Düz,Şimdi,Para
52,Kılıç Üçlüsü,Düz,Gelecek,Para
52,Kılıç Üçlüsü,Düz,Geçmiş,Sağlık
52,Kılıç Üçlüsü,Düz,Şimdi,Sağlık
52,Kılıç Üçlüsü,Düz,Gelecek,Sağlık
52,Kılıç Üçlüsü,Düz,Geçmiş,Hepsi
52,Kılıç Üçlüsü,Düz,Şimdi,Hepsi
52,Kılıç Üçlüsü,Düz,Gelecek,Hepsi
52,Kılıç Üçlüsü,Ters,Geçmiş,Aşk
52,Kılıç Üçlüsü,Ters,Şimdi,Aşk
52,Kılıç Üçlüsü,Ters,Gelecek,Aşk
52,Kılıç Üçlüsü,Ters,Geçmiş,İş
52,Kılıç Üçlüsü,Ters,Şimdi,İş
52,Kılıç Üçlüsü,Ters,Gelecek,İş
52,Kılıç Üçlüsü,Ters,Geçmiş,Para
52,Kılıç Üçlüsü,Ters,Şimdi,Para
52,Kılıç Üçlüsü,Ters,Gelecek,Para
52,Kılıç Üçlüsü,Ters,Geçmiş,Sağlık
52,Kılıç Üçlüsü,Ters,Şimdi,Sağlık
52,Kılıç Üçlüsü,Ters,Gelecek,Sağlık
52,Kılıç Üçlüsü,Ters,Geçmiş,Hepsi
52,Kılıç Üçlüsü,Ters,Şimdi,Hepsi
52,Kılıç Üçlüsü,Ters,Gelecek,Hepsi
54,Kılıç Beşlisi,Ters,Geçmiş,İş
54,Kılıç Beşlisi,Ters,Şimdi,İş
54,Kılıç Beşlisi,Ters,Gelecek,İş
54,Kılıç Beşlisi,Ters,Geçmiş,Para
54,Kılıç Beşlisi,Ters,Şimdi,Para
54,Kılıç Beşlisi,Ters,Gelecek,Para
54,Kılıç Beşlisi,Ters,Geçmiş,Sağlık
54,Kılıç Beşlisi,Ters,Şimdi,Sağlık
54,Kılıç Beşlisi,Ters,Gelecek,Sağlık
54,Kılıç Beşlisi,Ters,Geçmiş,Hepsi
54,Kılıç Beşlisi,Ters,Şimdi,Hepsi
54,Kılıç Beşlisi,Ters,Gelecek,Hepsi
57,Kılıç Sekizlisi,Ters,Geçmiş,İş
57,Kılıç Sekizlisi,Ters,Şimdi,İş
57,Kılıç Sekizlisi,Ters,Gelecek,İş
57,Kılıç Sekizlisi,Ters,Geçmiş,Para
57,Kılıç Sekizlisi,Ters,Şimdi,Para
57,Kılıç Sekizlisi,Ters,Gelecek,Para
57,Kılıç Sekizlisi,Ters,Geçmiş,Sağlık
57,Kılıç Sekizlisi,Ters,Şimdi,Sağlık
57,Kılıç Sekizlisi,Ters,Gelecek,Sağlık
57,Kılıç Sekizlisi,Ters,Geçmiş,Hepsi
57,Kılıç Sekizlisi,Ters,Şimdi,Hepsi
57,Kılıç Sekizlisi,Ters,Gelecek,Hepsi
58,Kılıç Dokuzlusu,Düz,Geçmiş,İş
58,Kılıç Dokuzlusu,Düz,Şimdi,İş
58,Kılıç Dokuzlusu,Düz,Gelecek,İş
58,Kılıç Dokuzlusu,Düz,Geçmiş,Para
58,Kılıç Dokuzlusu,Düz,Şimdi,Para
58,Kılıç Dokuzlusu,Düz,Gelecek,Para
58,Kılıç Dokuzlusu,Düz,Geçmiş,Sağlık
58,Kılıç Dokuzlusu,Düz,Şimdi,Sağlık
58,Kılıç Dokuzlusu,Düz,Gelecek,Sağlık
58,Kılıç Dokuzlusu,Düz,Geçmiş,Hepsi
58,Kılıç Dokuzlusu,Düz,Şimdi,Hepsi
58,Kılıç Dokuzlusu,Düz,Gelecek,Hepsi
58,Kılıç Dokuzlusu,Ters,Geçmiş,Aşk
58,Kılıç Dokuzlusu,Ters,Şimdi,Aşk
58,Kılıç Dokuzlusu,Ters,Gelecek,Aşk
58,Kılıç Dokuzlusu,Ters,Geçmiş,İş
58,Kılıç Dokuzlusu,Ters,Şimdi,İş
58,Kılıç Dokuzlusu,Ters,Gelecek,İş
58,Kılıç Dokuzlusu,Ters,Geçmiş,Para
58,Kılıç Dokuzlusu,Ters,Şimdi,Para
58,Kılıç Dokuzlusu,Ters,Gelecek,Para
58,Kılıç Dokuzlusu,Ters,Geçmiş,Sağlık
58,Kılıç Dokuzlusu,Ters,Şimdi,Sağlık
58,Kılıç Dokuzlusu,Ters,Gelecek,Sağlık
58,Kılıç Dokuzlusu,Ters,Geçmiş,Hepsi
58,Kılıç Dokuzlusu,Ters,Şimdi,Hepsi
58,Kılıç Dokuzlusu,Ters,Gelecek,Hepsi
59,Kılıç Onlusu,Ters,Geçmiş,İş
59,Kılıç Onlusu,Ters,Şimdi,İş
59,Kılıç Onlusu,Ters,Gelecek,İş
59,Kılıç Onlusu,Ters,Geçmiş,Para
59,Kılıç Onlusu,Ters,Şimdi,Para
59,Kılıç Onlusu,Ters,Gelecek,Para
59,Kılıç Onlusu,Ters,Geçmiş,Sağlık
59,Kılıç Onlusu,Ters,Şimdi,Sağlık
59,Kılıç Onlusu,Ters,Gelecek,Sağlık
59,Kılıç Onlusu,Ters,Geçmiş,Hepsi
59,Kılıç Onlusu,Ters,Şimdi,Hepsi
59,Kılıç Onlusu,Ters,Gelecek,Hepsi
63,Kılıç Kralı,Düz,Geçmiş,Aşk
63,Kılıç Kralı,Düz,Şimdi,Aşk
63,Kılıç Kralı,Düz,Gelecek,Aşk
63,Kılıç Kralı,Düz,Geçmiş,İş
63,Kılıç Kralı,Düz,Şimdi,İş
63,Kılıç Kralı,Düz,Gelecek,İş
63,Kılıç Kralı,Düz,Geçmiş,Para
63,Kılıç Kralı,Düz,Şimdi,Para
63,Kılıç Kralı,Düz,Gelecek,Para
63,Kılıç Kralı,Düz,Geçmiş,Sağlık
63,Kılıç Kralı,Düz,Şimdi,Sağlık
63,Kılıç Kralı,Düz,Gelecek,Sağlık
63,Kılıç Kralı,Düz,Geçmiş,Hepsi
63,Kılıç Kralı,Düz,Şimdi,Hepsi
63,Kılıç Kralı,Düz,Gelecek,Hepsi
63,Kılıç Kralı,Ters,Geçmiş,Aşk
63,Kılıç Kralı,Ters,Şimdi,Aşk
63,Kılıç Kralı,Ters,Gelecek,Aşk
63,Kılıç Kralı,Ters,Geçmiş,İş
63,Kılıç Kralı,Ters,Şimdi,İş
63,Kılıç Kralı,Ters,Gelecek,İş
63,Kılıç Kralı,Ters,Geçmiş,Para
63,Kılıç Kralı,Ters,Şimdi,Para
63,Kılıç Kralı,Ters,Gelecek,Para
63,Kılıç Kralı,Ters,Geçmiş,Sağlık
63,Kılıç Kralı,Ters,Şimdi,Sağlık
63,Kılıç Kralı,Ters,Gelecek,Sağlık
63,Kılıç Kralı,Ters,Geçmiş,Hepsi
63,Kılıç Kralı,Ters,Şimdi,Hepsi
63,Kılıç Kralı,Ters,Gelecek,Hepsi
64,Tılsım Ası,Düz,Geçmiş,Aşk
64,Tılsım Ası,Düz,Şimdi,Aşk
64,Tılsım Ası,Düz,Gelecek,Aşk
64,Tılsım Ası,Düz,Geçmiş,İş
64,Tılsım Ası,Düz,Şimdi,İş
64,Tılsım Ası,Düz,Gelecek,İş
64,Tılsım Ası,Düz,Geçmiş,Para
64,Tılsım Ası,Düz,Şimdi,Para
64,Tılsım Ası,Düz,Gelecek,Para
64,Tılsım Ası,Düz,Geçmiş,Sağlık
64,Tılsım Ası,Düz,Şimdi,Sağlık
64,Tılsım Ası,Düz,Gelecek,Sağlık
64,Tılsım Ası,Düz,Geçmiş,Hepsi
64,Tılsım Ası,Düz,Şimdi,Hepsi
64,Tılsım Ası,Düz,Gelecek,Hepsi
64,Tılsım Ası,Ters,Geçmiş,Aşk
64,Tılsım Ası,Ters,Şimdi,Aşk
64,Tılsım Ası,Ters,Gelecek,Aşk
64,Tılsım Ası,Ters,Geçmiş,İş
64,Tılsım Ası,Ters,Şimdi,İş
64,Tılsım Ası,Ters,Gelecek,İş
64,Tılsım Ası,Ters,Geçmiş,Para
64,Tılsım Ası,Ters,Şimdi,Para
64,Tılsım Ası,Ters,Gelecek,Para
64,Tılsım Ası,Ters,Geçmiş,Sağlık
64,Tılsım Ası,Ters,Şimdi,Sağlık
64,Tılsım Ası,Ters,Gelecek,Sağlık
64,Tılsım Ası,Ters,Geçmiş,Hepsi
64,Tılsım Ası,Ters,Şimdi,Hepsi
64,Tılsım Ası,Ters,Gelecek,Hepsi
68,Tılsım Beşlisi,Ters,Geçmiş,İş
68,Tılsım Beşlisi,Ters,Şimdi,İş
68,Tılsım Beşlisi,Ters,Gelecek,İş
68,Tılsım Beşlisi,Ters,Geçmiş,Para
68,Tılsım Beşlisi,Ters,Şimdi,Para
68,Tılsım Beşlisi,Ters,Gelecek,Para
68,Tılsım Beşlisi,Ters,Geçmiş,Sağlık
68,Tılsım Beşlisi,Ters,Şimdi,Sağlık
68,Tılsım Beşlisi,Ters,Gelecek,Sağlık
68,Tılsım Beşlisi,Ters,Geçmiş,Hepsi
68,Tılsım Beşlisi,Ters,Şimdi,Hepsi
68,Tılsım Beşlisi,Ters,Gelecek,Hepsi
71,Tılsım Sekizlisi,Düz,Şimdi,Aşk
